{"cameraMode":{"drawMode":0,"name":"Shaded","section":"Shading Mode"},"sceneLighting":true,"audioPlay":false,"sceneViewState":{"m_AlwaysRefresh":false,"showFog":true,"showSkybox":true,"showFlares":true,"showImageEffects":true,"showParticleSystems":true,"showVisualEffectGraphs":true,"m_FxEnabled":true},"in2DMode":false,"pivot":{"x":-1.3539481163024903,"y":1.8248038291931153,"z":-0.6598947048187256},"rotation":{"x":0.21067234873771668,"y":0.32084545493125918,"z":-0.07343392819166184,"w":0.9204689264297485},"size":9.001997947692871,"orthographic":true}